Image Path,Prediction,Label
imgs/r0a3c52a0t.png,0.9997710585594177,1
imgs/r0a4ce555t.png,2.8009539916017394e-16,0
imgs/r0a2e85f0t.png,0.5401930809020996,1
imgs/r0a2ff882t.png,2.6621271444313317e-16,0
